balkon_durumu,banyo_sayisi,bina_kat_sayisi,bina_yasi,kat,esya_durumu,isitma_tipi,net_metrekare,oda_sayisi,site,tip,fiyat
0,1.0,5.0,0.0,1.0,0,0,95.0,3.0,1,1,1655000.0
0,1.0,4.0,4.0,3.0,0,0,95.0,3.0,1,1,1100000.0
0,1.0,13.0,4.0,6.0,0,0,70.0,2.0,1,1,1259000.0
0,1.0,4.0,0.0,1.0,0,0,95.0,3.0,1,1,2699000.0
0,1.0,5.0,0.0,2.0,0,0,100.0,3.0,1,1,1750000.0
0,1.0,3.0,0.0,3.0,0,0,125.0,4.0,1,1,2750000.0
0,1.0,5.0,0.0,3.0,0,0,100.0,3.0,1,1,999999.0
0,1.0,17.0,4.0,11.0,1,0,65.0,2.0,1,1,1590000.0
0,2.0,5.0,0.0,1.0,0,0,120.0,4.0,1,1,3749000.0
0,1.0,22.0,7.0,10.0,0,0,100.0,3.0,1,1,1759000.0
0,2.0,13.0,0.0,8.0,0,0,160.0,4.0,0,1,4950000.0
0,2.0,10.0,13.0,7.0,0,0,136.0,4.0,1,1,4450000.0
0,1.0,5.0,4.0,2.0,0,0,95.0,3.0,1,1,2500000.0
0,2.0,5.0,1.0,2.0,0,0,95.0,3.0,1,1,1770000.0
0,1.0,4.0,0.0,3.0,0,0,130.0,4.0,1,1,2450000.0
0,1.0,10.0,13.0,2.0,0,0,140.0,4.0,1,1,2999000.0
0,2.0,6.0,2.0,1.0,0,0,80.0,2.0,1,1,1750000.0
0,2.0,20.0,4.0,2.0,0,0,100.0,3.0,0,1,1100000.0
0,2.0,3.0,0.0,2.0,0,0,105.0,3.0,1,1,3249000.0
0,2.0,3.0,0.0,1.0,0,0,128.0,4.0,1,1,2880000.0
0,1.0,3.0,0.0,2.0,0,0,95.0,3.0,0,1,2480000.0
0,2.0,18.0,7.0,12.0,0,0,100.0,3.0,1,1,1899000.0
0,1.0,4.0,2.0,1.0,0,0,95.0,3.0,1,1,949000.0
0,1.0,4.0,3.0,2.0,0,0,95.0,3.0,1,1,1190000.0
0,1.0,4.0,0.0,1.0,0,0,100.0,3.0,1,1,1349000.0
0,1.0,4.0,2.0,2.0,0,0,95.0,3.0,1,1,1550000.0
0,1.0,4.0,0.0,2.0,0,0,95.0,3.0,1,1,1800000.0
0,1.0,30.0,7.0,13.0,0,0,75.0,2.0,1,1,1550000.0
0,1.0,4.0,0.0,1.0,0,0,95.0,3.0,1,1,1700000.0
0,1.0,5.0,1.0,2.0,0,0,135.0,4.0,1,1,2599000.0
0,2.0,3.0,0.0,1.0,0,0,150.0,4.0,1,1,3999999.0
0,2.0,3.0,0.0,3.0,0,0,160.0,4.0,1,1,2950000.0
0,1.0,15.0,4.0,3.0,0,0,75.0,2.0,1,1,899999.0
0,1.0,6.0,0.0,2.0,0,0,105.0,3.0,1,1,860000.0
0,1.0,6.0,0.0,1.0,0,0,100.0,3.0,1,1,950000.0
0,1.0,5.0,0.0,3.0,0,0,105.0,3.0,1,1,1100000.0
0,1.0,5.0,0.0,1.0,0,0,105.0,3.0,1,1,949000.0
1,1.0,12.0,7.0,9.0,1,0,75.0,2.0,1,1,999999.0
0,1.0,5.0,4.0,1.0,0,0,100.0,3.0,1,1,2450000.0
0,1.0,5.0,4.0,1.0,0,0,100.0,3.0,1,1,2500000.0
0,2.0,4.0,0.0,2.0,0,0,110.0,3.0,1,1,3199999.0
0,2.0,5.0,0.0,1.0,0,0,140.0,4.0,1,1,3999999.0
0,3.0,4.0,0.0,3.0,0,0,200.0,7.0,1,1,5999999.0
0,1.0,4.0,0.0,2.0,0,0,80.0,2.0,1,1,2099999.0
0,1.0,5.0,4.0,1.0,0,0,100.0,3.0,1,1,2450000.0
0,3.0,2.0,0.0,1.0,0,0,400.0,8.0,1,3,17999999.0
0,2.0,10.0,13.0,7.0,0,0,136.0,4.0,1,1,4450000.0
0,2.0,4.0,0.0,1.0,0,0,120.0,3.0,1,1,1799999.0
0,2.0,4.0,0.0,1.0,0,0,120.0,2.0,1,1,2649999.0
0,2.0,5.0,0.0,1.0,0,0,90.0,3.0,1,1,1699999.0
0,3.0,2.0,0.0,1.0,0,0,465.0,7.0,1,3,23999999.0
0,2.0,5.0,0.0,2.0,0,0,110.0,3.0,1,1,2900000.0
0,2.0,4.0,0.0,2.0,0,0,110.0,3.0,1,1,3999999.0
0,1.0,5.0,7.0,1.0,0,0,80.0,3.0,1,1,1040000.0
0,2.0,15.0,4.0,1.0,0,0,130.0,4.0,1,1,1730000.0
0,2.0,4.0,0.0,2.0,0,0,130.0,4.0,1,1,2400000.0
0,1.0,4.0,0.0,1.0,0,0,140.0,3.0,1,1,3000000.0
1,1.0,3.0,7.0,1.0,0,0,70.0,2.0,1,1,1349000.0
1,1.0,8.0,7.0,4.0,0,0,65.0,2.0,1,1,1289000.0
0,2.0,12.0,0.0,9.0,0,0,150.0,4.0,1,1,3695000.0
0,2.0,15.0,4.0,6.0,1,0,140.0,4.0,1,1,2385000.0
0,1.0,6.0,2.0,1.0,0,0,110.0,3.0,1,1,875000.0
0,2.0,20.0,4.0,4.0,0,0,65.0,2.0,1,1,1300000.0
0,2.0,5.0,3.0,1.0,0,0,100.0,3.0,1,1,899000.0
0,2.0,4.0,7.0,3.0,0,0,100.0,3.0,1,1,1840000.0
0,1.0,5.0,0.0,3.0,0,0,105.0,3.0,1,1,1100000.0
0,1.0,6.0,1.0,2.0,0,0,100.0,3.0,1,1,1400000.0
0,2.0,23.0,0.0,5.0,0,0,110.0,3.0,1,1,1389000.0
0,1.0,6.0,3.0,-1.0,0,0,130.0,4.0,1,1,1875000.0
0,3.0,3.0,0.0,3.0,0,0,220.0,6.0,1,1,4550000.0
0,1.0,4.0,4.0,1.0,0,0,135.0,4.0,1,1,3400000.0
0,1.0,4.0,4.0,2.0,0,0,140.0,4.0,1,1,3950000.0
0,1.0,4.0,4.0,1.0,0,0,100.0,3.0,1,1,1700000.0
0,2.0,4.0,0.0,1.0,0,0,100.0,3.0,1,1,1199000.0
0,1.0,5.0,0.0,1.0,0,0,100.0,3.0,1,1,2599000.0
0,2.0,5.0,3.0,1.0,0,0,100.0,3.0,1,1,2799000.0
0,1.0,4.0,1.0,1.0,0,0,95.0,3.0,1,1,890000.0
0,1.0,6.0,1.0,1.0,0,0,100.0,3.0,1,1,1250000.0
0,1.0,5.0,1.0,1.0,0,0,80.0,4.0,1,1,1630000.0
0,1.0,5.0,0.0,1.0,0,0,95.0,3.0,1,1,1390000.0
0,1.0,6.0,1.0,2.0,0,0,95.0,3.0,1,1,1490000.0
0,1.0,5.0,7.0,1.0,0,0,90.0,3.0,1,1,860000.0
0,1.0,5.0,2.0,2.0,0,0,100.0,3.0,1,1,1290000.0
1,1.0,18.0,4.0,5.0,1,0,60.0,1.0,1,1,1100000.0
0,1.0,12.0,7.0,4.0,0,0,70.0,2.0,1,1,1440000.0
1,1.0,4.0,0.0,1.0,0,0,75.0,3.0,1,1,2900000.0
0,2.0,3.0,0.0,3.0,0,0,135.0,4.0,1,1,2649000.0
0,1.0,4.0,0.0,2.0,0,0,105.0,3.0,1,1,2899999.0
0,2.0,3.0,0.0,1.0,0,0,100.0,3.0,1,1,2750000.0
0,2.0,4.0,0.0,2.0,0,0,105.0,3.0,1,1,2550000.0
0,1.0,4.0,0.0,2.0,0,0,110.0,3.0,1,1,2299999.0
0,2.0,15.0,7.0,7.0,0,0,110.0,3.0,0,1,1450000.0
0,2.0,12.0,0.0,8.0,0,0,135.0,3.0,1,1,2450000.0
0,3.0,4.0,0.0,4.0,0,0,220.0,6.0,1,1,4620000.0
0,2.0,3.0,0.0,2.0,0,0,115.0,4.0,0,1,6650000.0
0,2.0,2.0,0.0,1.0,0,0,145.0,4.0,1,1,3099999.0
0,2.0,2.0,0.0,1.0,0,0,220.0,5.0,1,3,10500000.0
0,3.0,5.0,0.0,1.0,0,0,160.0,5.0,1,1,2919000.0
0,2.0,4.0,7.0,2.0,0,0,145.0,4.0,0,1,7250000.0
1,1.0,15.0,2.0,3.0,0,0,51.0,2.0,0,1,3250000.0
0,2.0,4.0,0.0,3.0,0,0,110.0,3.0,1,1,2949999.0
0,2.0,3.0,0.0,2.0,0,0,200.0,6.0,1,1,4400000.0
0,2.0,5.0,0.0,1.0,0,0,135.0,4.0,1,1,3650000.0
0,1.0,4.0,4.0,1.0,0,0,70.0,2.0,1,1,1175000.0
0,1.0,5.0,0.0,1.0,0,0,100.0,3.0,1,1,2250000.0
0,2.0,4.0,4.0,1.0,0,0,70.0,2.0,1,1,1295000.0
0,1.0,17.0,4.0,2.0,0,0,70.0,2.0,1,1,1350000.0
0,1.0,4.0,0.0,1.0,0,0,128.56912004950496,3.0,1,1,2900000.0
0,1.0,4.0,1.0,2.0,0,0,110.0,4.0,1,1,1800000.0
0,3.0,3.0,0.0,2.0,0,0,190.0,5.0,1,1,5000000.0
0,2.0,4.0,0.0,2.0,0,0,155.0,4.0,1,1,4099999.0
0,2.0,4.0,0.0,3.0,0,0,230.0,6.0,1,1,5199999.0
0,2.0,3.0,3.0,2.0,0,0,125.0,4.0,0,1,4090000.0
0,1.0,10.0,2.0,2.0,0,0,57.0,2.0,0,1,3900000.0
0,1.0,4.0,0.0,2.0,0,0,100.0,3.0,1,1,3250000.0
0,1.0,5.0,0.0,3.0,1,0,130.0,4.0,1,1,3699000.0
0,6.0,3.0,0.0,1.0,0,0,400.0,8.0,1,3,31500000.0
0,2.0,4.0,2.0,3.0,0,0,130.0,4.0,1,1,6350000.0
0,2.0,7.0,7.0,1.0,0,0,160.0,4.0,0,1,6500000.0
0,3.0,5.0,4.0,5.0,0,0,220.0,7.0,0,1,5290000.0
0,1.0,6.0,4.0,2.0,0,0,110.0,3.0,1,1,1399999.0
0,2.0,5.0,0.0,2.0,0,0,150.0,4.0,1,1,8750000.0
0,2.0,6.0,7.0,3.0,0,0,120.0,4.0,1,1,3450000.0
0,1.0,10.0,2.0,3.0,0,0,60.0,1.0,1,1,999999.0
0,2.0,5.0,0.0,1.0,0,0,95.0,3.0,0,1,3250000.0
1,1.0,6.0,4.0,1.0,0,0,90.0,3.0,1,1,1194000.0
0,1.0,16.0,7.0,4.0,0,0,80.0,3.0,1,1,1399000.0
1,1.0,4.0,4.0,1.0,0,0,95.0,4.0,1,1,2270000.0
0,2.0,3.0,3.0,2.0,0,0,125.0,4.0,1,1,4100000.0
0,2.0,4.0,0.0,2.0,0,0,115.0,3.0,1,1,6990000.0
1,1.0,4.0,4.0,1.0,1,0,80.0,2.0,1,1,1320000.0
0,6.0,4.0,0.0,1.0,0,0,300.0,9.0,1,1,24000000.0
0,1.0,4.0,0.0,2.0,0,0,95.0,3.0,1,1,3448000.0
0,3.0,4.0,0.0,4.0,0,0,240.0,5.0,1,1,3000000.0
0,1.0,4.0,0.0,4.0,0,0,110.0,3.0,1,1,1650000.0
0,2.0,12.0,4.0,8.0,0,0,187.0,4.0,0,1,6950000.0
0,2.0,4.0,0.0,2.0,0,0,125.0,4.0,1,1,4999999.0
0,2.0,4.0,0.0,2.0,0,0,110.0,3.0,1,1,2499999.0
0,1.0,6.0,0.0,1.0,0,0,75.0,2.0,1,1,849000.0
0,2.0,5.0,7.0,3.0,0,0,95.0,3.0,1,1,2750000.0
1,1.0,5.0,2.0,1.0,0,0,70.0,2.0,1,1,1830000.0
0,2.0,5.0,21.0,5.0,0,0,180.0,4.0,0,1,4400000.0
0,2.0,5.0,0.0,2.0,0,0,95.0,4.0,1,1,4250000.0
0,2.0,14.0,21.0,7.0,0,0,140.0,4.0,0,1,4289000.0
0,1.0,20.0,4.0,9.0,0,0,95.0,3.0,0,1,1590000.0
0,2.0,4.0,0.0,1.0,0,0,350.0,8.0,1,3,27500000.0
0,1.0,6.0,4.0,2.0,0,0,85.0,3.0,1,1,1139000.0
0,1.0,1.0,0.0,1.0,0,0,90.0,3.0,1,1,1550000.0
0,1.0,4.0,0.0,1.0,0,0,110.0,4.0,1,1,1559000.0
0,2.0,5.0,0.0,3.0,0,0,110.0,3.0,1,1,3099000.0
0,1.0,4.0,1.0,2.0,0,0,115.0,3.0,1,1,740000.0
0,2.0,5.0,0.0,1.0,0,0,100.0,3.0,1,1,750000.0
0,1.0,15.0,7.0,5.0,0,0,100.0,3.0,1,1,1299999.0
0,1.0,10.0,3.0,5.0,0,0,110.0,3.0,1,1,4500000.0
0,1.0,5.0,0.0,1.0,0,0,90.0,3.0,1,1,2099000.0
0,2.0,5.0,0.0,2.0,0,0,100.0,3.0,0,1,4200000.0
0,2.0,5.0,7.0,1.0,0,0,155.0,4.0,0,1,7000000.0
0,2.0,12.0,18.0,7.0,0,0,143.0,4.0,0,1,3280000.0
0,2.0,8.0,13.0,2.0,0,0,155.0,4.0,0,1,6250000.0
0,3.0,3.0,0.0,1.0,0,0,370.0,5.0,0,3,11000000.0
0,1.0,9.0,3.0,5.0,0,0,50.0,2.0,0,1,2250000.0
0,2.0,12.0,13.0,4.0,0,0,140.0,4.0,1,1,3500000.0
0,2.0,3.0,2.0,1.0,0,0,135.0,4.0,1,1,3299999.0
0,1.0,5.0,0.0,2.0,0,0,120.0,3.0,1,1,3990000.0
0,4.0,3.0,0.0,1.0,0,0,500.0,9.0,0,3,31000000.0
0,2.0,5.0,7.0,4.0,0,0,230.0,7.0,0,1,7500000.0
0,2.0,5.0,0.0,1.0,0,0,110.0,3.0,1,1,3099999.0
0,2.0,4.0,0.0,1.0,0,0,130.0,4.0,1,1,2999999.0
0,2.0,3.0,0.0,2.0,0,0,120.0,3.0,1,1,3300000.0
0,2.0,4.0,3.0,2.0,0,0,70.0,2.0,1,1,1350000.0
0,2.0,4.0,7.0,1.0,0,0,95.0,3.0,1,1,1400000.0
0,2.0,20.0,4.0,7.0,0,0,100.0,3.0,1,1,1495000.0
0,2.0,3.0,2.0,2.0,0,0,150.0,4.0,1,1,3000000.0
0,1.0,4.0,4.0,1.0,0,0,85.0,3.0,1,1,1525000.0
0,2.0,4.0,4.0,1.0,0,0,97.0,3.0,1,1,1560000.0
0,1.0,3.0,0.0,2.0,0,0,150.0,4.0,1,1,2750000.0
0,1.0,4.0,4.0,1.0,0,0,70.0,2.0,1,1,1575000.0
0,2.0,20.0,4.0,1.0,0,0,100.0,3.0,1,1,1599000.0
0,2.0,4.0,4.0,1.0,0,0,95.0,3.0,1,1,1790000.0
0,2.0,3.0,0.0,1.0,0,0,90.0,3.0,1,1,2500000.0
0,2.0,10.0,4.0,1.0,0,0,70.0,2.0,1,1,1825000.0
0,2.0,14.0,4.0,13.0,0,0,105.0,3.0,1,1,1890000.0
0,2.0,4.0,0.0,1.0,0,0,95.0,3.0,1,1,2750000.0
0,2.0,4.0,4.0,1.0,0,0,98.0,3.0,1,1,1890000.0
0,2.0,4.0,0.0,3.0,0,0,100.0,3.0,1,1,1895000.0
0,2.0,4.0,4.0,1.0,0,0,105.0,3.0,1,1,1920000.0
0,1.0,4.0,0.0,2.0,0,0,110.0,3.0,1,1,999000.0
0,2.0,4.0,0.0,2.0,0,0,100.0,3.0,1,1,1980000.0
0,2.0,5.0,4.0,4.0,0,0,100.0,3.0,1,1,2145000.0
0,2.0,4.0,4.0,1.0,0,0,100.0,3.0,1,1,2450000.0
0,2.0,4.0,4.0,3.0,0,0,130.0,4.0,1,1,2495000.0
0,2.0,4.0,4.0,1.0,0,0,100.0,3.0,1,1,2500000.0
0,2.0,4.0,4.0,2.0,0,0,105.0,3.0,1,1,2550000.0
0,2.0,4.0,4.0,1.0,0,0,100.0,3.0,1,1,2550000.0
0,3.0,4.0,4.0,3.0,0,0,180.0,6.0,1,1,2600000.0
0,2.0,4.0,7.0,1.0,0,0,135.0,4.0,1,1,2700000.0
0,2.0,4.0,4.0,3.0,0,0,110.0,3.0,1,1,2750000.0
0,1.0,10.0,0.0,7.0,0,0,85.0,2.0,1,1,1359000.0
0,1.0,4.0,0.0,1.0,0,0,110.0,3.0,1,1,2300000.0
0,1.0,4.0,4.0,25.0,0,0,185.0,4.0,1,1,4599999.0
0,1.0,5.0,0.0,2.0,0,0,135.0,4.0,1,1,4400000.0
0,1.0,3.0,0.0,2.0,0,0,140.0,3.0,1,1,3500000.0
0,2.0,20.0,0.0,3.0,0,0,110.0,3.0,1,1,1375000.0
0,2.0,4.0,0.0,1.0,0,0,135.0,4.0,1,1,3700000.0
0,2.0,4.0,7.0,2.0,0,0,210.0,4.0,1,1,6100000.0
0,1.0,4.0,0.0,2.0,0,0,95.0,3.0,1,1,3699999.0
0,2.0,3.0,0.0,2.0,0,0,160.0,4.0,1,1,3799999.0
0,1.0,4.0,0.0,1.0,0,0,95.0,3.0,1,1,2399999.0
0,2.0,5.0,0.0,1.0,0,0,160.0,4.0,1,1,3799999.0
0,2.0,5.0,0.0,2.0,0,0,100.0,3.0,1,1,3099999.0
0,1.0,4.0,0.0,1.0,0,0,105.0,3.0,1,1,2300000.0
0,2.0,4.0,0.0,2.0,0,0,110.0,3.0,1,1,2840000.0
0,2.0,4.0,0.0,3.0,0,0,165.0,4.0,1,1,3548000.0
0,1.0,3.0,0.0,1.0,0,0,115.0,3.0,1,1,3400000.0
0,2.0,5.0,0.0,2.0,0,0,140.0,4.0,1,1,3999999.0
0,1.0,4.0,0.0,3.0,0,0,110.0,3.0,1,1,3299999.0
0,3.0,3.0,0.0,3.0,0,0,225.0,7.0,1,1,5299999.0
0,2.0,3.0,0.0,1.0,0,0,100.0,3.0,1,1,2599999.0
1,1.0,3.0,0.0,1.0,0,0,105.0,3.0,1,1,2599999.0
0,2.0,2.0,0.0,1.0,0,0,145.0,4.0,1,1,3000000.0
0,3.0,4.0,0.0,3.0,0,0,230.0,7.0,1,1,4750000.0
0,5.0,3.0,0.0,1.0,0,0,450.0,7.0,1,3,17999999.0
0,3.0,4.0,0.0,25.0,0,0,200.0,6.0,1,1,3429000.0
0,2.0,4.0,0.0,1.0,0,0,150.0,4.0,1,1,3699999.0
0,3.0,2.0,0.0,2.0,0,0,220.0,7.0,1,1,4850000.0
1,2.0,5.0,0.0,1.0,0,0,100.0,3.0,1,1,2249999.0
0,3.0,4.0,0.0,4.0,0,0,200.0,7.0,1,1,4475000.0
0,3.0,5.0,0.0,4.0,0,0,220.0,6.0,1,1,3899999.0
0,2.0,5.0,0.0,4.0,0,0,200.0,6.0,1,1,3750000.0
0,3.0,4.0,0.0,3.0,0,0,220.0,6.0,1,1,3850000.0
0,2.0,3.0,0.0,2.0,0,0,115.0,3.0,1,1,4850000.0
0,4.0,3.0,0.0,1.0,0,0,420.0,6.0,1,3,25000000.0
0,2.0,3.0,0.0,1.0,0,0,115.0,3.0,1,1,4500000.0
0,2.0,3.0,0.0,1.0,0,0,110.0,3.0,1,1,3999999.0
0,3.0,3.0,0.0,3.0,0,0,250.0,5.0,1,1,3899999.0
0,2.0,13.0,7.0,12.0,0,0,200.0,4.0,1,1,4900000.0
0,2.0,4.0,0.0,2.0,0,0,150.0,4.0,1,1,3749000.0
0,3.0,3.0,0.0,3.0,0,0,240.0,7.0,1,1,5999999.0
0,1.0,3.0,0.0,1.0,0,0,95.0,3.0,1,1,2799999.0
0,2.0,4.0,0.0,1.0,0,0,105.0,3.0,1,1,2399999.0
0,2.0,5.0,0.0,4.0,0,0,110.0,3.0,1,1,2945000.0
0,2.0,4.0,0.0,1.0,0,0,140.0,4.0,1,1,3750000.0
0,6.0,3.0,0.0,1.0,0,0,550.0,8.0,1,3,25750000.0
0,6.0,3.0,0.0,1.0,0,0,450.0,8.0,1,1,29500000.0
0,1.0,3.0,0.0,1.0,0,0,135.0,4.0,1,1,3100000.0
0,2.0,5.0,0.0,3.0,0,0,180.0,5.0,1,1,3899999.0
0,2.0,4.0,0.0,3.0,0,0,145.0,4.0,1,1,3699999.0
0,2.0,3.0,0.0,2.0,0,0,135.0,4.0,1,1,3850000.0
0,3.0,3.0,0.0,3.0,0,0,220.0,5.0,1,1,3500000.0
0,2.0,3.0,0.0,2.0,0,0,135.0,4.0,1,1,3850000.0
0,2.0,5.0,7.0,3.0,0,0,150.0,4.0,0,1,9500000.0
0,2.0,5.0,0.0,2.0,0,0,100.0,3.0,1,1,4900000.0
0,1.0,15.0,0.0,9.0,0,0,60.0,2.0,1,1,3600000.0
0,1.0,4.0,0.0,3.0,0,0,80.0,3.0,1,1,2350000.0
0,2.0,4.0,0.0,1.0,0,0,145.0,4.0,1,1,2950000.0
0,4.0,3.0,0.0,1.0,0,0,350.0,8.0,1,3,29000000.0
0,1.0,5.0,0.0,2.0,0,0,90.0,3.0,1,1,3600000.0
0,2.0,3.0,4.0,3.0,0,0,140.0,5.0,1,1,3650000.0
0,1.0,5.0,0.0,4.0,0,0,130.0,4.0,1,1,5750000.0
0,2.0,4.0,0.0,1.0,0,0,95.0,3.0,1,1,5950000.0
0,1.0,4.0,0.0,1.0,0,0,100.0,3.0,1,1,2449000.0
0,2.0,3.0,0.0,2.0,0,0,90.0,3.0,1,1,3500000.0
0,2.0,4.0,0.0,3.0,0,0,90.0,3.0,1,1,2990000.0
0,2.0,4.0,0.0,1.0,0,0,95.0,3.0,1,1,4200000.0
0,2.0,4.0,0.0,1.0,0,0,85.0,3.0,1,1,3600000.0
0,2.0,5.0,0.0,2.0,0,0,126.0,4.0,1,1,10000000.0
0,2.0,5.0,0.0,5.0,0,0,90.0,3.0,1,1,2980000.0
0,2.0,5.0,0.0,4.0,0,0,100.0,3.0,1,1,2949000.0
0,2.0,15.0,0.0,10.0,0,0,180.0,4.0,1,1,6299000.0
0,1.0,5.0,0.0,3.0,0,0,125.0,3.0,1,1,2790000.0
0,1.0,5.0,13.0,1.0,0,0,70.0,2.0,1,1,1900000.0
0,2.0,19.0,7.0,10.0,0,0,135.0,5.0,0,1,5950000.0
1,2.0,11.0,7.0,11.0,0,0,104.0,4.0,0,1,4750000.0
0,2.0,19.0,7.0,1.0,0,0,165.0,5.0,0,1,13000000.0
0,2.0,16.0,7.0,12.0,0,0,110.0,4.0,0,1,5150000.0
0,2.0,19.0,7.0,2.0,0,0,85.0,3.0,0,1,3585000.0
0,1.0,4.0,21.0,1.0,0,0,120.0,4.0,1,1,1345000.0
0,3.0,16.0,13.0,1.0,0,0,180.0,5.0,0,1,11560000.0
0,2.0,3.0,0.0,1.0,0,0,120.0,4.0,1,1,4500000.0
0,1.0,4.0,21.0,1.0,0,0,100.0,3.0,1,1,1800000.0
0,1.0,4.0,7.0,3.0,0,0,85.0,3.0,1,1,3150000.0
0,1.0,20.0,1.0,4.0,0,0,74.0,3.0,1,1,4750000.0
0,1.0,5.0,21.0,3.0,0,0,120.0,4.0,1,1,2300000.0
0,1.0,4.0,7.0,2.0,0,0,90.0,3.0,1,1,2565000.0
0,3.0,4.0,7.0,25.0,0,0,275.0,7.0,1,1,5200000.0
0,1.0,4.0,21.0,2.0,1,0,85.0,3.0,1,1,1550000.0
1,1.0,4.0,0.0,1.0,0,0,70.0,3.0,1,1,1975000.0
1,1.0,5.0,21.0,1.0,0,0,75.0,3.0,1,1,1350000.0
0,1.0,4.0,21.0,4.0,0,0,95.0,3.0,1,1,2300000.0
0,1.0,5.0,21.0,3.0,0,0,90.0,3.0,0,1,1300000.0
0,1.0,5.0,18.0,5.0,0,0,110.0,3.0,1,1,3200000.0
0,2.0,5.0,0.0,2.0,0,0,140.0,4.0,1,1,3650000.0
0,1.0,4.0,21.0,2.0,0,0,110.0,4.0,1,1,2450000.0
1,1.0,4.0,7.0,1.0,0,0,90.0,3.0,1,1,2350000.0
0,2.0,5.0,21.0,1.0,0,0,160.0,4.0,1,1,3100000.0
0,2.0,5.0,21.0,1.0,0,0,160.0,4.0,1,1,3100000.0
0,1.0,6.0,21.0,1.0,0,0,85.0,3.0,1,1,1650000.0
0,1.0,5.0,0.0,1.0,0,0,160.0,4.0,1,1,6700000.0
0,1.0,6.0,21.0,1.0,0,0,119.0,4.0,1,1,1745000.0
0,1.0,5.0,21.0,2.0,0,0,110.0,4.0,1,1,2000000.0
0,2.0,4.0,7.0,1.0,0,0,85.0,3.0,1,1,2150000.0
0,1.0,5.0,21.0,5.0,0,0,150.0,5.0,1,1,2150000.0
0,1.0,4.0,0.0,1.0,0,0,128.56912004950496,3.0,1,1,3100000.0
0,2.0,5.0,0.0,1.0,0,0,125.0,4.0,1,1,2749000.0
0,1.0,3.0,18.0,3.0,0,0,100.0,3.0,1,1,1799000.0
0,1.0,3.0,21.0,3.0,0,0,76.0,3.0,1,1,2000000.0
1,1.0,6.0,21.0,1.0,0,0,100.0,3.0,1,1,2000000.0
0,1.0,5.0,0.0,1.0,0,0,130.0,4.0,1,1,3290000.0
0,1.0,3.0,21.0,3.0,0,0,90.0,3.0,1,1,1575000.0
0,1.0,4.0,21.0,1.0,1,0,100.0,3.0,1,1,12500000.0
0,1.0,5.0,21.0,1.0,0,0,80.0,3.0,1,1,999000.0
0,1.0,23.0,4.0,7.0,0,0,80.0,3.0,0,1,3500000.0
0,2.0,5.0,18.0,1.0,0,0,150.0,5.0,1,1,3800000.0
0,1.0,5.0,18.0,1.0,0,0,85.0,3.0,1,1,1350000.0
0,1.0,4.0,7.0,1.0,0,0,90.0,3.0,1,1,1700000.0
0,1.0,3.0,13.0,3.0,0,0,70.0,3.0,1,1,2550000.0
0,1.0,5.0,1.0,1.0,0,0,120.0,4.0,1,1,3950000.0
0,2.0,5.0,21.0,5.0,0,0,180.0,7.0,1,1,2620000.0
0,2.0,12.0,13.0,1.0,0,0,110.0,3.0,0,1,3375000.0
0,1.0,5.0,21.0,2.0,0,0,85.0,3.0,1,1,1315000.0
0,1.0,4.0,0.0,1.0,0,0,65.0,3.0,1,1,2800000.0
0,2.0,3.0,21.0,2.0,0,0,140.0,4.0,1,1,2500000.0
0,1.0,5.0,0.0,3.0,0,0,110.0,4.0,1,1,3340000.0
0,2.0,5.0,0.0,4.0,0,0,180.0,6.0,1,1,6000000.0
0,1.0,5.0,21.0,1.0,0,0,120.0,4.0,1,1,1400000.0
1,1.0,5.0,7.0,1.0,0,0,66.0,3.0,1,1,1900000.0
0,1.0,4.0,13.0,1.0,0,0,90.0,3.0,1,1,3000000.0
0,2.0,4.0,7.0,3.0,0,0,240.0,7.0,1,1,7500000.0
0,1.0,4.0,4.0,1.0,0,0,95.0,3.0,1,1,1190000.0
0,2.0,3.0,13.0,1.0,0,0,105.0,3.0,1,1,3300000.0
1,1.0,15.0,7.0,6.0,1,0,51.0,2.0,1,1,1875000.0
1,1.0,15.0,7.0,5.0,1,0,51.0,2.0,1,1,2440000.0
1,1.0,15.0,7.0,7.0,1,0,58.0,2.0,0,1,2695000.0
0,1.0,4.0,21.0,2.0,0,0,120.0,4.0,1,1,1450000.0
1,1.0,7.0,7.0,1.0,0,0,100.0,3.0,1,1,1000000.0
0,3.0,6.0,21.0,5.0,0,0,250.0,7.0,1,1,4750000.0
0,1.0,4.0,21.0,2.0,0,0,85.0,3.0,1,1,1250000.0
0,1.0,5.0,7.0,1.0,0,0,65.0,3.0,1,1,1950000.0
0,2.0,3.0,7.0,25.0,0,0,185.0,5.0,0,1,2650000.0
0,1.0,4.0,21.0,1.0,0,0,80.0,3.0,1,1,1300000.0
0,1.0,5.0,1.0,1.0,0,0,85.0,3.0,1,1,2400000.0
0,1.0,4.0,21.0,1.0,0,0,145.0,4.0,1,1,2600000.0
0,1.0,4.0,2.0,2.0,0,0,105.0,3.0,1,1,2950000.0
0,1.0,4.0,13.0,1.0,0,0,80.0,3.0,1,1,2500000.0
0,1.0,5.0,21.0,4.0,0,0,130.0,4.0,1,1,2100000.0
0,1.0,4.0,21.0,4.0,0,0,110.0,4.0,0,1,3200000.0
0,1.0,4.0,13.0,1.0,0,0,105.0,4.0,1,1,2200000.0
0,1.0,5.0,7.0,1.0,0,0,70.0,3.0,1,1,1650000.0
0,1.0,6.0,18.0,3.0,0,0,165.0,4.0,1,1,2850000.0
0,1.0,6.0,0.0,25.0,0,0,180.0,5.0,1,1,2700000.0
0,2.0,4.0,13.0,2.0,1,0,180.0,5.0,1,1,3850000.0
0,1.0,4.0,13.0,2.0,0,0,100.0,3.0,1,1,1200000.0
0,2.0,15.0,13.0,15.0,0,0,110.0,4.0,1,2,4100000.0
0,2.0,15.0,13.0,15.0,0,0,110.0,4.0,1,2,4100000.0
0,2.0,15.0,13.0,15.0,0,0,110.0,4.0,1,2,4150000.0
0,2.0,4.0,7.0,4.0,0,0,170.0,5.0,1,1,4580000.0
0,2.0,5.0,4.0,2.0,0,0,145.0,4.0,1,1,5150000.0
0,2.0,10.0,7.0,7.0,0,0,185.0,5.0,0,1,7750000.0
1,1.0,4.0,0.0,1.0,0,0,80.0,3.0,1,1,1800000.0
0,1.0,4.0,0.0,1.0,0,0,95.0,3.0,1,1,2800000.0
0,0.0,3.0,18.0,1.0,0,0,159.0,1.0,1,0,9500000.0
0,1.0,4.0,13.0,2.0,0,0,85.0,3.0,1,1,3000000.0
0,1.0,5.0,13.0,3.0,0,0,120.0,4.0,1,1,3900000.0
0,2.0,6.0,0.0,4.0,0,0,85.0,4.0,0,1,4050000.0
0,1.0,3.0,13.0,2.0,0,0,70.0,3.0,1,1,2600000.0
0,1.0,4.0,7.0,2.0,0,0,65.0,3.0,1,1,2450000.0
0,2.0,11.0,7.0,8.0,0,0,161.0,4.0,0,1,6100000.0
0,3.0,5.0,13.0,5.0,0,0,170.0,5.0,1,1,3200000.0
0,2.0,4.0,3.0,3.0,0,0,130.0,4.0,1,1,3599000.0
1,2.0,5.0,3.0,1.0,0,0,140.0,4.0,1,1,2850000.0
0,2.0,23.0,7.0,6.0,1,0,127.0,4.0,1,1,5320000.0
0,1.0,4.0,4.0,1.0,0,0,70.0,3.0,1,1,2850000.0
0,1.0,1.0,18.0,1.0,0,0,85.0,3.0,1,1,1280000.0
0,1.0,4.0,7.0,1.0,0,0,65.0,3.0,1,1,2450000.0
0,1.0,15.0,7.0,5.0,1,0,42.0,1.0,0,1,1750000.0
0,1.0,5.0,21.0,5.0,0,0,120.0,4.0,1,1,1700000.0
0,2.0,5.0,0.0,2.0,0,0,90.0,3.0,1,1,3500000.0
0,0.0,4.0,7.0,1.0,0,0,1.849,1.0,1,0,135000000.0
0,1.0,6.0,21.0,4.0,0,0,95.0,4.0,1,1,2450000.0
0,1.0,4.0,13.0,1.0,0,0,120.0,4.0,1,1,2490000.0
0,1.0,11.0,21.0,4.0,0,1,45.0,2.0,0,1,1000000.0
0,1.0,4.0,7.0,2.0,0,0,85.0,3.0,1,1,2850000.0
0,2.0,5.0,13.0,1.0,0,0,125.0,4.0,1,1,2450000.0
0,1.0,5.0,0.0,2.0,0,0,100.0,3.0,1,1,3850000.0
0,1.0,3.0,3.0,2.0,0,0,95.0,3.0,0,1,4000000.0
0,2.0,4.0,3.0,3.0,0,0,95.0,3.0,1,1,2500000.0
0,1.0,5.0,0.0,4.0,0,0,100.0,3.0,1,1,4000000.0
0,1.0,4.0,0.0,3.0,0,0,80.0,3.0,1,1,2979000.0
0,2.0,17.0,7.0,4.0,1,0,160.0,5.0,0,1,6200000.0
0,1.0,5.0,21.0,3.0,0,0,100.0,4.0,1,1,1550000.0
0,1.0,3.0,0.0,1.0,0,0,72.0,3.0,1,1,4000000.0
0,1.0,4.0,7.0,1.0,0,0,55.0,2.0,1,1,1330000.0
0,1.0,4.0,21.0,1.0,0,0,160.0,4.0,1,1,2550000.0
0,1.0,5.0,21.0,1.0,1,0,75.0,3.0,1,1,1350000.0
0,1.0,14.0,7.0,11.0,0,0,40.0,1.0,0,1,1470000.0
0,2.0,22.0,2.0,11.0,0,0,114.0,4.0,0,1,5800000.0
0,2.0,23.0,3.0,11.0,0,0,100.0,3.0,0,1,3900000.0
0,1.0,3.0,0.0,1.0,0,0,51.0,2.0,1,1,1935000.0
0,2.0,30.0,7.0,14.0,1,0,70.0,3.0,0,1,3490000.0
0,2.0,26.0,7.0,9.0,1,0,70.0,3.0,0,1,4020000.0
0,2.0,26.0,4.0,3.0,1,0,95.0,3.0,0,1,4010000.0
0,2.0,12.0,4.0,12.0,0,0,101.0,4.0,0,1,5500000.0
0,1.0,4.0,13.0,2.0,0,0,90.0,3.0,1,1,2650000.0
0,1.0,25.0,0.0,3.0,0,0,45.0,2.0,0,1,5750000.0
0,1.0,5.0,21.0,1.0,0,0,155.0,4.0,1,1,2430000.0
0,1.0,4.0,13.0,3.0,0,0,180.0,4.0,1,1,4000000.0
0,1.0,4.0,18.0,2.0,0,0,120.0,4.0,1,1,3000000.0
0,1.0,5.0,21.0,1.0,0,0,80.0,3.0,1,1,1550000.0
0,1.0,25.0,3.0,11.0,0,0,75.0,3.0,0,1,3650000.0
0,1.0,5.0,7.0,1.0,0,0,75.0,2.0,1,1,1525000.0
0,1.0,5.0,0.0,1.0,0,0,90.0,3.0,1,1,2390000.0
0,1.0,25.0,4.0,2.0,0,0,100.0,3.0,0,1,3600000.0
1,1.0,12.0,1.0,7.0,1,0,57.0,2.0,0,1,3135000.0
0,1.0,4.0,0.0,1.0,0,0,110.0,3.0,1,1,1470000.0
0,2.0,4.0,0.0,4.0,0,0,170.0,6.0,1,1,3700000.0
0,1.0,5.0,1.0,1.0,0,0,85.0,3.0,1,1,2520000.0
0,1.0,5.0,21.0,4.0,0,0,95.0,3.0,1,1,1900000.0
1,1.0,4.0,7.0,1.0,0,0,55.0,2.0,1,1,1330000.0
0,2.0,24.0,7.0,16.0,0,0,100.0,3.0,0,1,5350000.0
0,1.0,5.0,0.0,3.0,0,0,90.0,4.0,1,1,3450000.0
0,1.0,5.0,13.0,3.0,0,0,95.0,3.0,1,1,3100000.0
0,1.0,6.0,21.0,2.0,0,0,95.0,3.0,1,1,1400000.0
0,1.0,4.0,21.0,1.0,0,0,83.0,3.0,1,1,775000.0
0,1.0,4.0,21.0,1.0,0,0,100.0,3.0,1,1,1300000.0
0,2.0,6.0,18.0,3.0,0,0,130.0,4.0,1,1,2150000.0
0,3.0,14.0,7.0,13.0,0,0,180.0,5.0,0,1,9500000.0
0,3.0,7.0,0.0,6.0,0,0,171.0,6.0,0,1,6650000.0
0,1.0,4.0,13.0,2.0,0,0,80.0,3.0,1,1,2650000.0
0,2.0,5.0,13.0,2.0,0,0,100.0,3.0,1,1,3400000.0
0,1.0,5.0,21.0,3.0,0,0,90.0,3.0,1,1,1349000.0
0,1.0,4.0,2.0,1.0,0,0,85.0,3.0,0,1,2950000.0
0,2.0,11.0,4.0,11.0,0,0,130.0,4.0,0,1,5500000.0
0,2.0,5.0,21.0,1.0,0,0,130.0,4.0,1,1,2750000.0
0,2.0,17.0,7.0,13.0,1,0,170.0,5.0,0,1,7700000.0
0,1.0,5.0,21.0,1.0,0,0,115.0,4.0,1,1,1950000.0
0,2.0,4.0,13.0,2.0,0,0,120.0,4.0,1,1,4200000.0
0,1.0,4.0,0.0,1.0,0,0,45.0,2.0,1,1,1410000.0
0,3.0,5.0,13.0,5.0,0,0,270.0,8.0,1,1,6650000.0
0,1.0,5.0,21.0,1.0,0,0,140.0,4.0,1,1,2250000.0
0,2.0,4.0,7.0,1.0,0,0,90.0,3.0,1,1,3700000.0
0,1.0,8.0,18.0,4.0,0,0,135.0,4.0,1,1,4600000.0
0,1.0,4.0,0.0,1.0,0,0,78.0,3.0,1,1,2570000.0
0,1.0,4.0,0.0,2.0,0,0,80.0,3.0,1,1,2690000.0
0,3.0,4.0,1.0,4.0,0,0,189.0,8.0,1,1,6160000.0
0,1.0,4.0,4.0,1.0,0,0,85.0,3.0,1,1,2900000.0
0,1.0,30.0,7.0,18.0,0,0,55.0,2.0,0,1,2600000.0
0,1.0,24.0,4.0,11.0,0,0,108.0,3.0,0,1,3650000.0
0,2.0,5.0,21.0,5.0,0,0,180.0,6.0,1,1,3200000.0
0,1.0,4.0,7.0,1.0,0,0,90.0,3.0,1,1,2150000.0
0,1.0,4.0,21.0,4.0,0,0,75.0,3.0,1,1,1900000.0
0,1.0,5.0,0.0,5.0,0,0,100.0,3.0,1,1,3500000.0
0,1.0,5.0,21.0,3.0,0,0,85.0,3.0,1,1,1350000.0
0,1.0,5.0,7.0,1.0,0,0,85.0,3.0,1,1,2850000.0
1,1.0,4.0,21.0,1.0,0,0,75.0,2.0,1,1,1300000.0
0,2.0,3.0,7.0,3.0,0,0,170.0,5.0,1,1,3700000.0
0,1.0,9.0,21.0,1.0,0,0,80.0,3.0,0,1,1900000.0
0,1.0,4.0,0.0,1.0,0,0,90.0,3.0,1,1,3550000.0
0,1.0,5.0,21.0,2.0,0,0,130.0,4.0,1,1,2000000.0
0,1.0,4.0,0.0,1.0,0,0,70.0,3.0,1,1,2800000.0
0,1.0,4.0,21.0,2.0,0,0,100.0,4.0,1,1,2250000.0
0,1.0,4.0,21.0,1.0,0,0,85.0,3.0,1,1,1750000.0
0,1.0,4.0,21.0,1.0,0,0,120.0,4.0,1,1,2650000.0
0,1.0,4.0,7.0,1.0,0,0,75.0,3.0,1,1,3050000.0
0,1.0,4.0,0.0,1.0,0,0,70.0,3.0,1,1,3350000.0
0,1.0,5.0,21.0,5.0,0,0,90.0,4.0,1,1,2600000.0
0,1.0,4.0,21.0,1.0,0,0,120.0,4.0,1,1,2100000.0
0,1.0,6.0,21.0,3.0,0,0,120.0,4.0,1,1,1850000.0
0,2.0,7.0,2.0,1.0,0,0,110.0,3.0,1,1,4500000.0
0,1.0,5.0,7.0,1.0,0,0,85.0,3.0,1,1,1750000.0
0,1.0,4.0,21.0,3.0,0,0,120.0,3.0,1,1,1500000.0
0,2.0,18.0,7.0,3.0,0,0,138.0,4.0,0,1,7800000.0
1,1.0,4.0,21.0,1.0,0,0,110.0,4.0,1,1,1450000.0
0,1.0,4.0,13.0,1.0,0,0,85.0,3.0,1,1,2545000.0
0,1.0,7.0,21.0,2.0,1,1,64.0,3.0,1,1,1120000.0
0,1.0,5.0,21.0,2.0,0,0,85.0,3.0,1,1,1350000.0
0,1.0,3.0,0.0,1.0,0,0,50.0,3.0,1,1,2625000.0
0,1.0,5.0,0.0,3.0,0,0,90.0,3.0,1,1,2900000.0
0,1.0,5.0,21.0,2.0,0,0,120.0,4.0,1,1,1600000.0
0,2.0,4.0,0.0,2.0,0,0,110.0,4.0,1,1,4100000.0
0,1.0,5.0,21.0,1.0,0,0,90.0,3.0,1,1,1300000.0
0,3.0,4.0,0.0,4.0,0,0,170.0,6.0,1,1,6750000.0
0,3.0,4.0,0.0,4.0,0,0,170.0,6.0,1,1,6500000.0
0,2.0,4.0,7.0,3.0,0,0,180.0,4.0,1,1,4950000.0
0,2.0,4.0,0.0,3.0,0,0,120.0,4.0,1,1,3250000.0
0,1.0,6.0,13.0,3.0,0,0,184.0,4.0,1,1,2650000.0
0,1.0,3.0,7.0,1.0,0,0,120.0,4.0,0,1,3200000.0
0,1.0,16.0,13.0,5.0,0,0,100.0,3.0,0,1,3300000.0
0,1.0,5.0,18.0,4.0,0,0,110.0,4.0,1,1,1300000.0
0,2.0,14.0,0.0,9.0,0,0,106.0,4.0,0,1,15900000.0
0,1.0,5.0,21.0,4.0,0,0,110.0,4.0,1,1,1700000.0
0,1.0,6.0,21.0,4.0,0,0,100.0,3.0,1,1,1350000.0
0,1.0,4.0,0.0,3.0,0,0,85.0,3.0,1,1,2490000.0
0,1.0,5.0,0.0,1.0,0,0,85.0,3.0,1,1,3100000.0
0,1.0,5.0,21.0,1.0,0,0,120.0,4.0,1,1,3100000.0
0,1.0,4.0,0.0,1.0,0,0,160.0,3.0,1,1,7900000.0
0,2.0,11.0,4.0,2.0,0,0,135.0,4.0,0,1,6500000.0
0,2.0,20.0,7.0,6.0,0,0,150.0,4.0,0,1,7550000.0
0,2.0,23.0,4.0,12.0,0,0,100.0,3.0,0,1,3800000.0
0,1.0,7.0,2.0,3.0,0,0,60.0,2.0,0,1,3150000.0
0,2.0,16.0,7.0,7.0,0,0,180.0,5.0,0,1,5600000.0
0,2.0,24.0,4.0,1.0,1,0,85.0,3.0,0,1,4400000.0
0,2.0,24.0,4.0,14.0,1,0,74.0,3.0,0,1,4000000.0
0,1.0,24.0,4.0,1.0,0,0,85.0,2.0,0,1,3150000.0
0,2.0,25.0,4.0,4.0,0,0,100.0,3.0,0,1,3500000.0
0,2.0,28.0,4.0,1.0,1,0,110.0,4.0,0,1,6400000.0
0,1.0,12.0,7.0,4.0,0,0,92.0,3.0,0,1,4200000.0
0,2.0,11.0,4.0,2.0,0,0,135.0,4.0,1,1,6500000.0
0,2.0,20.0,7.0,6.0,0,0,170.0,4.0,0,1,7550000.0
0,1.0,23.0,4.0,15.0,0,0,75.0,3.0,0,1,3850000.0
0,1.0,24.0,4.0,5.0,0,0,100.0,3.0,0,1,4200000.0
0,1.0,16.0,13.0,7.0,0,0,135.0,4.0,0,1,5400000.0
0,2.0,26.0,4.0,5.0,0,0,95.0,3.0,0,1,3700000.0
0,2.0,23.0,4.0,1.0,0,0,100.0,3.0,0,1,3850000.0
0,2.0,24.0,4.0,8.0,0,0,135.0,4.0,0,1,4700000.0
0,2.0,11.0,4.0,1.0,0,0,120.0,3.0,0,1,4950000.0
0,1.0,17.0,7.0,5.0,1,0,50.0,2.0,0,1,2500000.0
0,2.0,11.0,4.0,4.0,0,0,135.0,4.0,0,1,6500000.0
0,2.0,11.0,4.0,6.0,0,0,180.0,5.0,0,1,7200000.0
0,1.0,30.0,4.0,2.0,0,0,50.0,2.0,0,1,2200000.0
0,2.0,23.0,4.0,14.0,1,0,115.0,4.0,0,1,6400000.0
0,2.0,26.0,4.0,21.0,0,0,110.0,4.0,0,1,5580000.0
0,2.0,17.0,13.0,6.0,0,0,170.0,5.0,0,1,7000000.0
0,1.0,30.0,4.0,19.0,1,0,50.0,2.0,0,1,2500000.0
0,2.0,24.0,4.0,6.0,0,0,105.0,3.0,0,1,4500000.0
0,3.0,24.0,4.0,19.0,0,0,178.0,5.0,0,1,12060000.0
0,2.0,25.0,4.0,1.0,0,0,135.0,4.0,0,1,6400000.0
0,3.0,26.0,4.0,19.0,0,0,175.0,5.0,0,1,11800000.0
0,1.0,15.0,7.0,3.0,0,0,68.0,2.0,0,1,2700000.0
0,1.0,4.0,7.0,1.0,0,0,170.0,4.0,1,1,3000000.0
0,1.0,5.0,13.0,1.0,0,0,80.0,3.0,1,1,1450000.0
0,1.0,4.0,21.0,2.0,0,0,115.0,4.0,1,1,1500000.0
0,1.0,15.0,4.0,15.0,0,0,120.0,4.0,0,1,4650000.0
0,1.0,4.0,21.0,3.0,0,0,150.0,4.0,1,1,2350000.0
0,1.0,4.0,0.0,1.0,0,0,85.0,3.0,1,1,2400000.0
0,2.0,4.0,0.0,4.0,0,0,180.0,6.0,1,1,4200000.0
0,1.0,4.0,0.0,1.0,0,0,130.0,4.0,1,1,4300000.0
0,1.0,4.0,7.0,1.0,0,0,80.0,3.0,1,1,2450000.0
0,1.0,4.0,21.0,2.0,0,0,80.0,3.0,1,1,1250000.0
0,1.0,3.0,13.0,3.0,0,0,125.0,5.0,1,1,2550000.0
0,1.0,4.0,21.0,1.0,0,0,75.0,3.0,1,1,1300000.0
0,1.0,4.0,0.0,2.0,0,0,100.0,3.0,1,1,2740000.0
0,2.0,6.0,3.0,25.0,0,0,225.0,6.0,1,1,3499000.0
0,2.0,4.0,0.0,2.0,0,0,90.0,3.0,1,1,2650000.0
0,1.0,5.0,7.0,4.0,0,0,80.0,3.0,1,1,1749000.0
0,3.0,4.0,0.0,1.0,0,0,480.0,3.0,1,0,20000000.0
0,2.0,4.0,0.0,2.0,0,0,100.0,3.0,1,1,2740000.0
0,1.0,6.0,0.0,1.0,0,0,110.0,4.0,1,1,3398000.0
0,2.0,4.0,0.0,3.0,0,0,130.0,4.0,1,1,4300000.0
0,1.0,6.0,0.0,1.0,0,0,90.0,3.0,1,1,2249000.0
0,2.0,26.0,4.0,4.0,0,0,99.0,3.0,0,1,5100000.0
0,2.0,4.0,4.0,1.0,0,0,120.0,4.0,0,1,7650000.0
0,1.0,29.0,7.0,15.0,1,0,100.0,3.0,0,1,5000000.0
0,4.0,2.0,0.0,1.0,0,0,280.0,5.0,1,3,18000000.0
0,2.0,12.0,7.0,4.0,0,0,170.0,4.0,0,1,8500000.0
0,2.0,5.0,4.0,1.0,0,0,120.0,4.0,0,1,7500000.0
0,2.0,4.0,4.0,1.0,0,0,100.0,3.0,0,1,6500000.0
0,3.0,4.0,18.0,1.0,0,0,300.0,8.0,0,3,15500000.0
0,1.0,13.0,7.0,-1.0,0,0,75.0,3.0,0,1,2550000.0
1,1.0,3.0,3.0,1.0,0,0,70.0,3.0,1,1,1500000.0
0,2.0,5.0,1.0,-1.0,0,0,100.0,4.0,1,1,2500000.0
0,6.0,3.0,4.0,1.0,0,0,375.0,9.0,0,3,45000000.0
0,1.0,13.0,7.0,-1.0,0,0,74.0,3.0,1,1,2475000.0
0,1.0,29.0,4.0,21.0,0,0,120.0,5.0,1,1,6500000.0
0,2.0,3.0,13.0,1.0,0,0,390.0,7.0,0,1,15000000.0
0,2.0,4.0,4.0,1.0,0,0,100.0,3.0,0,1,6400000.0
0,5.0,3.0,0.0,1.0,0,0,179.0,6.0,0,1,12500000.0
0,5.0,3.0,0.0,1.0,0,0,179.0,6.0,1,3,12250000.0
0,2.0,19.0,18.0,1.0,0,0,135.0,4.0,0,1,8500000.0
0,3.0,4.0,18.0,1.0,0,0,330.0,7.0,1,3,14500000.0
0,3.0,4.0,18.0,1.0,0,0,330.0,6.0,1,3,18000000.0
0,4.0,4.0,18.0,1.0,0,0,340.0,7.0,1,3,17000000.0
0,2.0,4.0,7.0,1.0,0,0,115.0,4.0,1,1,2750000.0
0,2.0,10.0,0.0,5.0,0,0,100.0,3.0,0,2,4999000.0
0,2.0,28.0,4.0,6.0,0,0,148.0,4.0,0,1,9200000.0
0,2.0,15.0,4.0,12.0,0,0,160.0,5.0,0,1,12000000.0
0,1.0,15.0,7.0,10.0,0,0,90.0,3.0,0,1,5100000.0
0,2.0,8.0,0.0,3.0,0,0,132.0,4.0,0,1,8499999.0
0,2.0,3.0,3.0,3.0,0,0,160.0,6.0,1,1,3500000.0
0,1.0,14.0,7.0,1.0,0,0,50.0,2.0,0,1,3300000.0
0,1.0,14.0,7.0,7.0,0,0,50.0,2.0,0,1,3000000.0
0,1.0,4.0,4.0,1.0,0,0,120.0,4.0,1,1,2460000.0
0,2.0,14.0,7.0,12.0,0,0,145.0,4.0,0,1,7200000.0
0,3.0,3.0,13.0,1.0,0,0,340.0,8.0,0,3,26000000.0
0,2.0,28.0,7.0,2.0,0,0,160.0,5.0,0,1,8350000.0
0,2.0,11.0,2.0,5.0,0,0,110.0,4.0,0,1,4350000.0
0,1.0,4.0,7.0,1.0,0,0,75.0,3.0,1,1,1710000.0
0,1.0,10.0,7.0,1.0,0,0,63.0,2.0,0,1,2200000.0
0,1.0,4.0,7.0,1.0,0,0,98.0,3.0,0,1,7500000.0
0,3.0,2.0,0.0,1.0,0,0,150.0,4.0,1,3,19400000.0
0,4.0,4.0,18.0,1.0,0,0,330.0,7.0,1,3,15500000.0
0,4.0,4.0,18.0,1.0,0,0,330.0,9.0,1,3,11500000.0
0,2.0,5.0,18.0,1.0,0,0,130.0,4.0,0,1,4600000.0
0,2.0,6.0,0.0,3.0,0,0,166.0,5.0,0,1,13500000.0
0,1.0,13.0,13.0,9.0,0,0,100.0,4.0,0,1,4695000.0
0,2.0,16.0,7.0,6.0,0,0,120.0,4.0,0,1,9250000.0
0,1.0,5.0,7.0,2.0,0,0,90.0,3.0,1,1,1699000.0
0,1.0,4.0,7.0,1.0,0,0,80.0,3.0,1,1,979000.0
1,1.0,5.0,7.0,1.0,0,0,110.0,4.0,1,1,1799000.0
0,1.0,5.0,7.0,4.0,0,0,110.0,3.0,1,1,1789000.0
0,4.0,3.0,0.0,1.0,0,0,205.0,6.0,1,3,12240000.0
0,2.0,20.0,4.0,19.0,0,0,400.0,4.0,0,1,17000000.0
0,2.0,4.0,0.0,4.0,0,0,185.0,7.0,1,1,4400000.0
0,1.0,4.0,18.0,2.0,0,0,115.0,3.0,0,1,3150000.0
0,1.0,4.0,0.0,2.0,0,0,95.0,3.0,1,1,2799000.0
0,1.0,4.0,0.0,1.0,0,0,120.0,4.0,1,1,2585000.0
0,2.0,4.0,0.0,3.0,0,0,148.0,5.0,0,1,9750000.0
0,2.0,4.0,0.0,1.0,0,0,123.0,4.0,0,1,8650000.0
0,2.0,11.0,0.0,7.0,0,0,155.0,5.0,0,1,11200000.0
0,2.0,14.0,7.0,8.0,0,0,165.0,5.0,0,1,12999999.0
0,2.0,30.0,7.0,8.0,0,0,136.0,4.0,0,1,11200000.0
0,2.0,6.0,0.0,6.0,0,0,190.0,7.0,1,1,3500000.0
0,2.0,29.0,7.0,21.0,0,0,170.0,5.0,0,2,15400000.0
0,2.0,29.0,7.0,23.0,0,0,170.0,5.0,0,2,15500000.0
0,1.0,14.0,7.0,11.0,0,0,50.0,2.0,0,1,2800000.0
0,2.0,30.0,7.0,1.0,0,0,188.0,5.0,0,1,6000000.0
0,1.0,15.0,7.0,11.0,1,0,62.0,2.0,0,1,3300000.0
0,2.0,4.0,0.0,4.0,0,0,180.0,7.0,1,1,4850000.0
0,1.0,6.0,0.0,1.0,0,0,110.0,4.0,1,1,3398000.0
0,2.0,3.0,18.0,1.0,0,0,280.0,6.0,0,3,15000000.0
0,1.0,4.0,0.0,1.0,0,0,80.0,3.0,1,1,1689000.0
0,1.0,5.0,18.0,2.0,0,0,100.0,3.0,0,1,3200000.0
0,2.0,5.0,18.0,4.0,0,0,200.0,4.0,0,1,4000000.0
0,1.0,20.0,13.0,1.0,0,0,70.0,3.0,0,1,3750000.0
0,1.0,13.0,4.0,2.0,0,0,47.0,2.0,0,1,3250000.0
0,2.0,19.0,7.0,2.0,0,0,115.0,3.0,0,1,6000000.0
0,1.0,22.0,7.0,18.0,0,0,55.0,2.0,0,1,3700000.0
0,2.0,25.0,4.0,1.0,0,0,120.0,4.0,0,1,6450000.0
0,2.0,4.0,0.0,4.0,0,0,220.0,8.0,1,1,4750000.0
0,2.0,5.0,4.0,1.0,0,0,120.0,4.0,0,1,9400000.0
0,2.0,23.0,4.0,11.0,0,0,125.0,4.0,0,1,7250000.0
0,2.0,23.0,4.0,5.0,0,0,110.0,3.0,0,1,5600000.0
0,2.0,12.0,0.0,5.0,0,0,120.0,4.0,0,1,6900000.0
0,1.0,12.0,0.0,4.0,0,0,70.0,2.0,0,1,3150000.0
0,2.0,3.0,0.0,2.0,0,0,111.0,4.0,0,1,6750000.0
0,2.0,6.0,0.0,5.0,0,0,88.0,3.0,0,1,6850000.0
1,2.0,3.0,0.0,1.0,0,0,88.0,3.0,0,1,5500000.0
0,3.0,6.0,3.0,3.0,0,0,240.0,6.0,0,1,18500000.0
0,1.0,4.0,4.0,1.0,1,0,110.0,3.0,1,1,2290000.0
0,2.0,4.0,0.0,3.0,0,0,130.0,4.0,1,1,4300000.0
0,2.0,12.0,1.0,12.0,0,0,135.0,4.0,0,1,8500000.0
0,3.0,3.0,13.0,1.0,0,0,220.0,5.0,0,1,17000000.0
0,1.0,4.0,3.0,1.0,0,0,75.0,3.0,1,1,1925000.0
0,1.0,3.0,0.0,2.0,0,0,81.0,3.0,1,1,2350000.0
0,1.0,10.0,7.0,2.0,0,0,75.0,3.0,0,1,2740000.0
0,1.0,10.0,13.0,7.0,0,0,85.0,3.0,0,1,3000000.0
0,1.0,5.0,3.0,4.0,0,0,80.0,3.0,1,1,2250000.0
0,2.0,4.0,7.0,25.0,0,0,220.0,6.0,1,1,4500000.0
0,2.0,5.0,0.0,2.0,0,0,110.0,3.0,1,1,2389000.0
0,2.0,5.0,0.0,2.0,0,0,110.0,3.0,1,1,2735000.0
0,1.0,4.0,3.0,1.0,0,0,70.0,3.0,1,1,1410000.0
1,1.0,6.0,7.0,1.0,0,0,85.0,3.0,1,1,1549000.0
0,1.0,6.0,0.0,2.0,0,0,90.0,3.0,1,1,2850000.0
0,1.0,6.0,4.0,1.0,0,0,95.0,4.0,1,1,1640000.0
0,1.0,6.0,7.0,3.0,0,0,90.0,3.0,1,1,2200000.0
0,1.0,6.0,7.0,3.0,0,0,110.0,4.0,1,1,2450000.0
0,1.0,6.0,7.0,1.0,0,0,90.0,3.0,1,1,1570000.0
0,1.0,4.0,0.0,1.0,0,0,85.0,3.0,1,1,1875000.0
0,1.0,4.0,4.0,1.0,0,0,120.0,4.0,1,1,2465000.0
0,2.0,3.0,0.0,2.0,0,0,112.0,4.0,1,1,7500000.0
0,2.0,3.0,0.0,2.0,0,0,111.0,4.0,1,1,6750000.0
0,2.0,3.0,0.0,2.0,0,0,111.0,4.0,1,1,6750000.0
0,1.0,6.0,7.0,1.0,0,0,110.0,3.0,0,1,4600000.0
0,2.0,7.0,21.0,6.0,0,0,155.0,5.0,0,1,7000000.0
0,2.0,14.0,7.0,5.0,0,0,90.0,3.0,0,1,4450000.0
0,2.0,7.0,18.0,7.0,0,0,90.0,3.0,0,1,5500000.0
0,1.0,20.0,18.0,15.0,1,0,120.0,2.0,0,1,3850000.0
0,1.0,10.0,18.0,3.0,0,0,70.0,3.0,1,1,3400000.0
0,2.0,5.0,18.0,2.0,0,0,120.0,4.0,1,1,4950000.0
0,2.0,4.0,3.0,24.0,0,0,165.0,5.0,1,1,2490000.0
0,2.0,3.0,0.0,1.0,0,0,88.0,3.0,0,1,5500000.0
0,1.0,4.0,2.0,1.0,0,0,80.0,3.0,1,1,1950000.0
0,1.0,4.0,4.0,1.0,0,0,85.0,3.0,1,1,1575000.0
0,2.0,19.0,7.0,3.0,0,0,68.0,3.0,0,1,5525000.0
1,1.0,4.0,0.0,1.0,0,0,37.0,2.0,0,1,2750000.0
0,2.0,14.0,13.0,3.0,0,0,140.0,4.0,0,1,5950000.0
0,5.0,3.0,21.0,1.0,1,0,550.0,9.0,0,3,19000000.0
0,1.0,4.0,4.0,1.0,0,0,120.0,4.0,1,1,2470000.0
0,2.0,2.0,0.0,1.0,0,0,150.0,5.0,0,3,15900000.0
0,2.0,10.0,7.0,9.0,0,0,100.0,4.0,0,1,5500000.0
0,1.0,13.0,0.0,4.0,0,0,75.0,3.0,1,1,3350000.0
0,1.0,4.0,7.0,1.0,0,0,119.0,4.0,0,3,4600000.0
0,2.0,15.0,4.0,9.0,0,0,87.0,3.0,0,1,3600000.0
0,4.0,4.0,18.0,1.0,0,0,380.0,6.0,1,3,15500000.0
0,2.0,30.0,7.0,2.0,0,0,141.0,4.0,0,1,6500000.0
0,1.0,7.0,2.0,1.0,0,0,80.0,3.0,0,1,3900000.0
0,1.0,27.0,2.0,4.0,0,0,74.0,3.0,0,1,3290000.0
0,2.0,10.0,13.0,10.0,0,0,135.0,3.0,0,1,7790000.0
0,1.0,10.0,7.0,5.0,0,0,82.0,3.0,0,1,3650000.0
0,2.0,10.0,0.0,8.0,0,0,150.0,5.0,1,1,13500000.0
0,2.0,11.0,7.0,1.0,0,0,110.0,3.0,0,1,5190000.0
0,2.0,8.0,18.0,6.0,0,0,115.0,4.0,1,1,5650000.0
0,2.0,6.0,13.0,4.0,0,0,140.0,5.0,0,1,6200000.0
0,2.0,4.0,1.0,3.0,0,0,170.0,5.0,1,1,3500000.0
0,3.0,4.0,3.0,1.0,0,0,85.0,3.0,1,1,1790000.0
0,2.0,5.0,0.0,1.0,0,0,110.0,4.0,1,1,3000000.0
0,2.0,5.0,0.0,2.0,0,0,90.0,3.0,1,1,2490000.0
0,2.0,5.0,0.0,1.0,0,0,80.0,3.0,1,1,2050000.0
0,2.0,3.0,0.0,2.0,0,0,144.0,5.0,0,1,11000000.0
0,2.0,4.0,0.0,3.0,0,0,148.0,5.0,0,1,10300000.0
0,1.0,3.0,0.0,1.0,0,0,70.0,3.0,1,1,1900000.0
0,1.0,3.0,0.0,1.0,0,0,70.0,3.0,1,1,1500000.0
0,3.0,3.0,0.0,3.0,0,0,190.0,6.0,1,1,4500000.0
0,2.0,3.0,0.0,1.0,0,0,105.0,4.0,1,1,3150000.0
0,2.0,12.0,7.0,9.0,1,0,100.0,3.0,0,1,5350000.0
0,2.0,19.0,7.0,6.0,0,0,107.0,3.0,0,1,5160000.0
0,1.0,4.0,1.0,1.0,0,0,80.0,3.0,1,1,1350000.0
0,2.0,4.0,1.0,25.0,0,0,280.0,8.0,1,1,5250000.0
0,6.0,3.0,21.0,1.0,0,2,290.0,8.0,1,3,25000000.0
0,2.0,6.0,21.0,6.0,0,0,290.0,9.0,0,1,6300000.0
0,3.0,4.0,13.0,1.0,0,0,300.0,7.0,1,3,13000000.0
1,1.0,13.0,13.0,4.0,0,0,60.0,3.0,0,1,2600000.0
0,2.0,9.0,0.0,1.0,0,0,133.0,5.0,1,1,10450000.0
0,2.0,10.0,0.0,6.0,0,0,90.0,3.0,1,1,7500000.0
0,4.0,3.0,21.0,1.0,0,0,450.0,6.0,1,3,45000000.0
0,1.0,4.0,0.0,2.0,0,0,85.0,3.0,1,1,2450000.0
0,1.0,4.0,1.0,2.0,0,0,85.0,3.0,1,1,2250000.0
1,1.0,5.0,7.0,1.0,0,0,85.0,3.0,1,1,1850000.0
0,2.0,9.0,0.0,1.0,0,0,141.0,5.0,1,1,10750000.0
0,2.0,2.0,7.0,1.0,0,0,250.0,4.0,1,3,16500000.0
0,2.0,11.0,7.0,8.0,0,0,135.0,4.0,0,1,8750000.0
0,4.0,4.0,18.0,1.0,0,0,330.0,7.0,1,3,16000000.0
0,4.0,4.0,18.0,1.0,0,0,400.0,8.0,1,3,21000000.0
0,4.0,4.0,18.0,1.0,0,0,330.0,7.0,1,3,15000000.0
0,4.0,4.0,18.0,1.0,0,0,330.0,7.0,1,3,14500000.0
0,4.0,4.0,18.0,1.0,0,0,330.0,7.0,1,3,12500000.0
0,4.0,4.0,18.0,1.0,0,0,330.0,7.0,1,3,12500000.0
0,4.0,4.0,18.0,1.0,0,0,330.0,7.0,1,3,12500000.0
0,4.0,4.0,18.0,1.0,0,0,330.0,7.0,1,3,12500000.0
0,4.0,4.0,18.0,1.0,0,0,330.0,7.0,1,3,10900000.0
0,1.0,4.0,4.0,1.0,0,0,90.0,3.0,1,1,1695000.0
0,2.0,9.0,7.0,1.0,0,0,130.0,4.0,0,1,6050000.0
0,2.0,5.0,7.0,25.0,0,0,200.0,6.0,1,1,4100000.0
0,2.0,6.0,0.0,4.0,0,0,250.0,6.0,1,1,21000000.0
0,2.0,8.0,18.0,7.0,0,0,200.0,6.0,1,1,5200000.0
0,1.0,4.0,0.0,1.0,0,0,90.0,3.0,1,1,1820000.0
0,2.0,11.0,7.0,5.0,0,0,106.0,4.0,0,1,4900000.0
0,4.0,4.0,18.0,1.0,0,0,330.0,7.0,0,3,25000000.0
0,1.0,4.0,0.0,1.0,0,0,90.0,3.0,1,1,1925000.0
0,1.0,4.0,4.0,2.0,0,0,130.0,4.0,1,1,2420000.0
0,1.0,4.0,4.0,1.0,0,0,120.0,4.0,1,1,2477000.0
0,1.0,4.0,7.0,1.0,0,0,95.0,3.0,1,1,1055000.0
0,2.0,17.0,4.0,12.0,0,0,135.0,4.0,0,1,7000000.0
0,2.0,12.0,4.0,5.0,0,0,140.0,4.0,0,1,9000000.0
0,2.0,4.0,4.0,4.0,0,0,145.0,4.0,0,1,10400000.0
0,1.0,8.0,0.0,6.0,0,0,80.0,3.0,1,1,6350000.0
0,1.0,13.0,13.0,4.0,0,0,75.0,3.0,0,1,3700000.0
0,2.0,10.0,13.0,9.0,0,0,100.0,4.0,0,1,4250000.0
0,2.0,20.0,0.0,6.0,0,0,110.0,4.0,0,1,6250000.0
1,1.0,6.0,7.0,1.0,0,0,80.0,3.0,1,1,1249000.0
0,1.0,6.0,7.0,6.0,0,0,95.0,3.0,1,1,2035000.0
0,1.0,6.0,7.0,1.0,0,0,100.0,3.0,1,1,1999000.0
0,2.0,6.0,0.0,6.0,0,0,120.0,4.0,1,1,2299000.0
0,2.0,6.0,4.0,1.0,0,0,120.0,4.0,1,1,2549000.0
0,2.0,8.0,2.0,5.0,0,0,115.0,4.0,0,1,5390000.0
0,1.0,14.0,13.0,14.0,0,0,100.0,4.0,0,1,4850000.0
0,2.0,4.0,4.0,1.0,0,0,100.0,3.0,1,1,1939000.0
0,2.0,5.0,0.0,1.0,0,0,115.0,4.0,1,1,3699000.0
0,1.0,6.0,18.0,2.0,0,0,145.0,4.0,1,1,3200000.0
0,1.0,9.0,21.0,2.0,0,0,75.0,3.0,1,1,3050000.0
0,1.0,4.0,4.0,2.0,0,0,95.0,3.0,1,1,2499000.0
0,2.0,5.0,0.0,5.0,0,0,170.0,6.0,1,1,3279000.0
0,1.0,4.0,4.0,1.0,0,0,120.0,4.0,1,1,1900000.0
0,2.0,5.0,0.0,1.0,0,0,165.0,5.0,0,1,14530000.0
0,1.0,4.0,0.0,2.0,0,0,75.0,3.0,1,1,2470000.0
0,1.0,3.0,0.0,1.0,0,0,110.0,4.0,1,1,2100000.0
0,1.0,3.0,0.0,1.0,0,0,95.0,3.0,1,1,2388000.0
1,1.0,3.0,13.0,2.0,0,0,110.0,4.0,0,1,5250000.0
0,2.0,25.0,4.0,11.0,0,0,120.0,4.0,0,1,7100000.0
0,2.0,7.0,21.0,2.0,0,0,200.0,5.0,0,1,7800000.0
0,1.0,8.0,7.0,-1.0,0,0,65.0,3.0,1,1,2300000.0
0,1.0,3.0,7.0,1.0,0,0,45.0,2.0,1,1,1950000.0
0,1.0,4.0,0.0,1.0,0,0,70.0,3.0,1,1,1800000.0
0,2.0,20.0,4.0,3.0,0,0,67.0,3.0,0,1,5525000.0
0,1.0,4.0,0.0,1.0,0,0,70.0,3.0,1,1,1650000.0
0,2.0,4.0,4.0,1.0,0,0,120.0,4.0,0,1,7400000.0
0,2.0,5.0,4.0,1.0,0,0,150.0,5.0,0,1,9700000.0
0,1.0,11.0,13.0,2.0,0,0,100.0,4.0,0,1,4465000.0
0,2.0,6.0,4.0,6.0,0,0,80.0,3.0,0,1,4500000.0
0,2.0,6.0,0.0,1.0,0,0,80.0,3.0,0,1,3500000.0
0,2.0,12.0,18.0,3.0,0,0,115.0,4.0,1,1,4500000.0
0,2.0,12.0,18.0,3.0,0,0,115.0,4.0,1,1,4500000.0
0,1.0,13.0,13.0,9.0,0,0,100.0,4.0,0,1,4139999.0
0,2.0,5.0,3.0,1.0,0,0,145.0,4.0,1,1,2600000.0
0,2.0,12.0,0.0,5.0,0,0,140.0,4.0,0,1,15000000.0
0,3.0,4.0,0.0,1.0,0,0,156.0,5.0,0,1,14950000.0
0,2.0,3.0,13.0,1.0,0,0,300.0,8.0,0,3,23500000.0
0,2.0,7.0,13.0,7.0,0,0,150.0,4.0,0,1,8690000.0
0,2.0,2.0,13.0,1.0,0,0,145.0,4.0,0,3,16500000.0
0,2.0,5.0,4.0,5.0,0,0,180.0,5.0,0,1,16250000.0
0,3.0,3.0,0.0,1.0,0,0,250.0,8.0,0,3,28850000.0
0,2.0,5.0,3.0,1.0,0,0,90.0,3.0,1,1,1770000.0
0,1.0,3.0,4.0,24.0,0,0,85.0,3.0,1,1,1640000.0
0,2.0,4.0,4.0,4.0,0,0,185.0,6.0,1,1,3750000.0
0,2.0,3.0,0.0,2.0,0,0,150.0,5.0,1,1,4100000.0
0,1.0,4.0,0.0,1.0,0,0,75.0,3.0,1,1,2250000.0
1,1.0,4.0,0.0,1.0,0,0,75.0,3.0,1,1,2150000.0
0,1.0,4.0,0.0,1.0,0,0,100.0,4.0,1,1,3200000.0
0,1.0,13.0,13.0,9.0,0,0,78.0,3.0,0,1,2850000.0
0,2.0,16.0,4.0,6.0,0,0,110.0,4.0,0,1,6350000.0
0,1.0,4.0,0.0,3.0,0,0,80.0,3.0,1,1,2650000.0
0,1.0,4.0,0.0,1.0,0,0,110.0,3.0,1,1,2865000.0
0,1.0,3.0,7.0,2.0,0,0,80.0,3.0,1,1,1855000.0
0,2.0,14.0,4.0,5.0,0,0,100.0,3.0,0,1,6000000.0
0,5.0,4.0,13.0,1.0,0,0,330.0,8.0,0,3,17500000.0
0,2.0,25.0,7.0,13.0,0,0,185.0,5.0,0,1,7750000.0
0,2.0,9.0,0.0,7.0,0,0,110.0,4.0,0,1,9600000.0
0,1.0,10.0,7.0,6.0,0,0,80.0,3.0,0,1,5000000.0
0,2.0,12.0,7.0,3.0,0,0,92.0,3.0,0,1,5500000.0
0,1.0,10.0,18.0,7.0,0,0,70.0,3.0,0,1,3500000.0
0,2.0,5.0,18.0,3.0,0,0,200.0,6.0,0,1,5250000.0
